episode_reward,moving_avg
-126.51367551088333,-126.51367551088333
-127.63502848148346,-127.0743519961834
-131.76061034202576,-128.63643811146417
-149.65951442718506,-133.8922071903944
-143.7872982621193,-135.8712254047394
-132.25164943933487,-135.26796274383864
-119.57202404737473,-133.02568578720093
-127.81045210361481,-132.37378157675266
-124.67006641626358,-131.51781322558722
-122.29806315898895,-130.59583821892738
-145.07933795452118,-132.45240446329117
-150.60403764247894,-134.7493053793907
-128.62043678760529,-134.43528802394866
-134.66756355762482,-132.93609293699265
-164.6436311006546,-135.02172622084618
-129.78006744384766,-134.77456802129745
-141.84303033351898,-137.0016686499119
-146.86832720041275,-138.90745615959167
-119.01322221755981,-138.3417717397213
-110.54641592502594,-137.166607016325
-112.39993613958359,-133.89866683483123
-150.10829961299896,-133.84909303188323
-158.52907466888428,-136.83995682001114
-152.56795436143875,-138.62999590039254
-121.47107237577438,-134.3127400279045
-121.31401360034943,-133.46613464355468
-161.77750194072723,-135.4595818042755
-143.01488763093948,-135.0742378473282
-113.04787248373032,-134.47770287394525
-146.8926568031311,-138.11232696175574
-160.65163028240204,-142.9374963760376
-120.77227687835693,-140.00389410257338
-145.0351670384407,-138.65450333952904
-152.3022094964981,-138.62792885303497
-102.49327182769775,-136.7301487982273
-111.16019135713577,-135.71476657390593
-109.46614336967468,-130.4836307168007
-106.67765235900879,-126.84990718960762
-118.12439960241318,-127.35755990147591
-141.12144804000854,-126.78043902516364
-111.73005819320679,-121.88828181624413
-107.59310525655746,-120.57036465406418
-112.89584994316101,-117.35643294453621
-104.56800132989883,-112.58301212787629
-145.49350571632385,-116.88303551673889
-131.4872346520424,-118.91573984622956
-151.68724662065506,-123.13785017132759
-106.72784441709518,-123.14286937713624
-115.86132502555847,-122.91656191945076
-121.4942193031311,-120.95383904576302
-115.4133734703064,-121.32217057347297
-103.40302836894989,-120.90316288471222
-122.22592234611511,-121.83617012500763
-99.26242071390152,-121.30561206340789
-133.8223403096199,-120.1384955227375
-124.30273193120956,-119.42004525065423
-141.05560153722763,-118.35688074231147
-139.76971513032913,-121.66106781363487
-98.29785907268524,-119.90472121834755
-95.78090441226959,-117.3333897292614
-98.52546620368958,-115.64459900259972
-135.32697796821594,-118.83699396252632
-125.98230820894241,-119.21263254880905
-128.08547496795654,-122.09493797421456
-98.54642182588577,-118.56734612584114
-122.72604876756668,-118.40967780947685
-140.7628389596939,-118.38040155172348
-131.11284512281418,-117.51471455097199
-89.712049305439,-116.65613357424736
-117.10233545303345,-118.78827667832374
-113.16884076595306,-120.2526141345501
-121.46856588125229,-118.86677292585372
-101.84218966960907,-116.45276107192039
-102.93915820121765,-113.9381293952465
-110.86377102136612,-115.16986431479454
-95.7869747877121,-112.47595691680908
-127.19826430082321,-111.119499450922
-84.61805325746536,-106.47002026438713
-126.09439212083817,-110.10825454592705
-87.06595665216446,-107.10461666584015
-93.80451720952988,-105.16818431019783
-84.3146960735321,-101.4527973294258
-92.42315316200256,-100.51089367866516
-115.02362936735153,-101.71934079527855
-128.46735322475433,-103.47969901561737
-84.09140914678574,-102.31014245152474
-90.89474600553513,-98.67979062199592
-110.58332896232605,-101.276318192482
-86.7875907421112,-97.3456380546093
-105.21700233221054,-99.16074262261391
-86.7406314611435,-98.45435404777527
-121.82655954360962,-102.20554039478301
-86.86616969108582,-101.64984204769135
-86.8394604921341,-98.8314251601696
-102.57999992370605,-96.24268983006478
-113.01713395118713,-99.13526231050491
-119.29158991575241,-101.97494670152665
-88.43856257200241,-99.76047006249428
-87.41066139936447,-99.8227771282196
-115.76462572813034,-100.87753946781159
-81.57592219114304,-100.36106854081154
-72.08505502343178,-95.38691808879375
-103.34735661745071,-97.03503678143025
-112.94274735450745,-99.64536546766757
-77.72437360882759,-97.15980283617974
-112.19639486074448,-97.07772892713547
-82.8942828476429,-93.43799822032452
-101.0210936665535,-94.69625132977963
-85.35359770059586,-94.49054495990276
-95.5308827161789,-92.46717065870762
-84.08532494306564,-92.71811093389988
-79.19654262065887,-93.42925969362258
-83.0159430205822,-91.39611833393573
-82.13371801376343,-88.31521539986133
-92.7439883351326,-89.81717687249184
-109.02542841434479,-89.50008022785187
-108.14505904912949,-92.02515784800053
-71.9453195631504,-89.11758043766022
-105.46334582567215,-91.12855525016785
-78.32417726516724,-89.40788470506668
-101.60360306501389,-91.15971251726151
-109.61969298124313,-94.20202755331994
-106.89902114868164,-96.59033536612988
-77.19592052698135,-96.09655561745167
-115.8735460639,-98.4095113903284
-107.85817009210587,-98.29278555810451
-116.14022094011307,-99.09230174720287
-100.75616073608398,-101.97338586449624
-70.62842440605164,-98.48989372253418
-113.52264547348022,-102.00974054336548
-81.62742394208908,-100.012122631073
-75.61706680059433,-96.61186001300811
-110.16022270917892,-96.93798016905785
-67.66994071006775,-95.98538218736648
-96.5314856171608,-94.05117614269257
-68.47839733958244,-90.11319886744022
-104.6277824640274,-88.96195501983166
-116.69846326112747,-90.55618527233601
-78.65976664423943,-91.35931949615478
-70.09403640031815,-87.01645858883857
-105.19656896591187,-89.37337309122086
-92.12798702716827,-91.02446511387825
-101.7987043261528,-90.18831327557564
-106.02422869205475,-94.02374207377434
-104.19701910018921,-94.79029542207718
-111.33838027715683,-99.07629371583462
-91.93430602550507,-97.80694607198238
-72.58046770095825,-93.39514651596546
-104.1526483297348,-95.944434684515
-104.70323729515076,-99.40535477399825
-109.05920737981796,-99.79161861538887
-74.59492126107216,-98.03831203877925
-91.20600616931915,-96.97904222309589
-103.76606225967407,-96.75322557985783
-95.94576221704483,-95.92809989154338
-74.10625311732292,-92.20488717556
-100.84795266389847,-93.09625183939934
-84.98357659578323,-94.33656272888183
-74.518823325634,-91.37318022847175
-64.5269031226635,-87.35554681122304
-78.32696610689163,-84.2823226839304
-64.48703330755234,-83.27153388857842
-98.81996190547943,-84.03292946219445
-96.71676141023636,-83.32799937725068
-69.56428235769272,-80.68985139131546
-128.002639234066,-86.07949000298977
-68.48288735747337,-82.84298347234726
-62.62509402632713,-80.60713521540166
-71.39448821544647,-80.2947017043829
-96.60366398096085,-83.50237779021263
-69.6468622982502,-82.63436740934849
-85.796581864357,-84.76532226502896
-56.65723979473114,-80.54905005395412
-96.37634885311127,-80.51500879824161
-59.52032831311226,-79.51061339378357
-60.4782657623291,-72.75817604660988
-61.47061988711357,-72.0569492995739
-97.27012926340103,-75.5214528232813
-93.19535040855408,-77.70153904259205
-69.12134087085724,-74.95330673158169
-65.75187304615974,-74.56380780637264
-53.6019321680069,-71.34434283673764
-85.14477354288101,-74.19309621155261
-105.7097681760788,-75.12643814384937
-59.23028236627579,-75.09743354916573
-54.338631957769394,-74.48347016870976
-64.04091104865074,-74.74049928486347
-56.975093215703964,-70.71099568009376
-92.36675626039505,-70.62813626527786
-53.092292070388794,-69.02523138523102
-78.39414456486702,-70.28945853710175
-66.30586245656013,-71.55985156595708
-49.79377315938473,-68.02475152760744
-47.255863666534424,-62.179361076653
-56.45315745472908,-61.901648585498336
-89.76739227771759,-65.44452461749316
-51.59253215789795,-64.19968672841787
-54.6602363884449,-63.96820104569197
-78.18982756137848,-62.55050817579031
-53.56795647740364,-62.59807461649179
-64.17199927568436,-61.175860087573525
-57.640093475580215,-60.309283189475536
-81.08089184761047,-63.437995058298114
-76.16393977403641,-66.32880266904832
-78.30237331986427,-68.51372425556183
-74.74303439259529,-67.0112884670496
-47.16588218510151,-66.56862346976996
-78.66928631067276,-68.96952846199274
-47.05114993453026,-65.85566069930792
-47.0911431312561,-65.20797936469316
-55.11189892888069,-64.3019693300128
-57.394640266895294,-64.27742400914431
-65.5628342628479,-62.72561825066805
-56.3860365152359,-60.747827924788
-49.764803767204285,-57.894070969522
-79.78860887885094,-58.39862841814757
-67.65516543388367,-60.44755674302578
-67.51826444268227,-59.33245455622673
-72.24277523159981,-61.85161708593368
-79.05762767791748,-65.04826554059983
-44.66567873954773,-64.00364352166653
-73.58856004476547,-65.62303549945355
-110.34374836087227,-70.10112690925598
-61.08117160201073,-70.57064041793346
-56.50173896551132,-71.24433393776417
-40.78552155196667,-67.34402520507574
-68.1031411588192,-67.38882277756929
-69.04341334104538,-67.5413376674056
-81.74109926819801,-68.49117007106543
-49.01027625799179,-65.48643492907286
-51.222080767154694,-66.14207513183355
-85.47118851542473,-67.33033797889948
-43.501920729875565,-60.64615521579981
-43.5660932213068,-58.89464737772941
-44.70444272458553,-57.71491775363684
-42.1795948445797,-57.85432508289814
-46.06116059422493,-55.65012702643871
-69.67415603995323,-55.7132012963295
-66.9277172088623,-54.231863090395926
-70.32411095499992,-56.36324656009674
-50.916298896074295,-56.3326683729887
-45.89254027605057,-52.374803549051286
-49.23285457491875,-52.947896933555604
-74.36428135633469,-56.027715747058394
-75.524269759655,-59.10969845056534
-81.89174130558968,-63.080913096666336
-46.63284274935722,-63.138081312179565
-77.8983992934227,-63.96050563752651
-78.9331742823124,-65.16105134487152
-40.14929887652397,-62.14357013702393
-56.742890268564224,-62.72622927427292
-46.897064954042435,-62.826681742072104
-42.7494166046381,-62.17833794504404
-42.81805710494518,-59.02371551990509
-49.757064640522,-56.44699500799179
-46.67468389868736,-52.92528926730156
-79.20341169834137,-56.18234616219998
-53.732544898986816,-53.76576072275638
-55.73531264066696,-51.44597455859184
-39.92036575078964,-51.42308124601841
-51.65785163640976,-50.91457738280296
-54.01109418272972,-51.62598030567169
-67.27581512928009,-54.07862015813589
-74.7731848359108,-57.27413293123245
-60.37148743867874,-58.33557521104812
-66.42070895433426,-60.31017771661281
-43.9869584441185,-56.78853239119053
-76.58385229110718,-59.073663130402565
-38.822864323854446,-57.38241829872131
-36.27503252029419,-57.01788497567177
-67.04374948143959,-58.55647476017475
-76.95963269472122,-60.8513286113739
-74.26067689061165,-61.54981478750706
-69.45281767845154,-61.01777807176113
-47.606946766376495,-59.74132400453091
-40.34013777971268,-57.13326688706875
-54.61153984069824,-58.19572502672672
-35.64038324356079,-54.10137812197208
-41.96723395586014,-54.41581508517265
-37.4725534170866,-54.53556717485189
-70.51725682616234,-54.88291790932417
-52.98510801792145,-52.485465441644195
-46.54212164878845,-49.71360991746187
-69.89728564023972,-49.75805671364069
-46.28959894180298,-49.62632193118334
-34.48839995265007,-49.04114814847708
-41.98706558346748,-47.778700722754
-45.46145308017731,-48.760807706415655
-75.55663430690765,-52.119747741520406
-46.01961976289749,-52.97445437610149
-69.18925121426582,-52.841653814911844
-44.97261989116669,-52.04040500223637
-63.95803287625313,-53.78199612498283
-47.53739860653877,-51.54600742161274
-61.44682338833809,-53.06172986626625
-77.65916976332664,-57.378806847333905
-73.10645163059235,-60.4907454520464
-71.26429736614227,-63.07102988064289
-41.1740213483572,-59.63276858478785
-41.71888895332813,-59.20269550383091
-61.78611648082733,-58.46238203048706
-43.66663283109665,-58.33178332448006
-45.86270919442177,-56.52225095629692
-45.32401958107948,-56.30091305375099
-42.356824457645416,-54.391913160681725
-43.69731891155243,-50.9957280755043
-38.269886776804924,-47.51207159012556
-39.54011145234108,-44.33965299874544
-63.28147941827774,-46.550398805737494
-60.276673048734665,-48.40617721527815
-35.46291734278202,-45.77385730147362
-44.03012050688267,-45.81020606905222
-61.13643208146095,-47.337578357756136
-72.18904489278793,-50.02408088892698
-72.71455335617065,-53.059853778779505
-41.649129420518875,-52.85503482967615
-68.41471004486084,-55.86951715648174
-60.90662205219269,-58.006168216466904
-47.14726987481117,-56.392747262120245
-36.34871071577072,-53.99995102882385
-34.7040801346302,-53.924067308008674
-44.161138266325,-53.9371690839529
-70.88041299581528,-54.911567175388335
-47.25162699818611,-52.417825385928154
-54.020324766635895,-50.54840252697468
-38.73162515461445,-50.25665210038424
-66.34787249565125,-50.04996834546328
-37.27426806092262,-47.68673294633627
-55.800902009010315,-48.55209615975618
-37.55166310071945,-48.67239139825106
-52.83858975768089,-50.48584236055613
-61.114106237888336,-52.18113915771246
-65.68188807368279,-51.66128666549921
-53.27650365233421,-52.26377433091402
-59.77253717184067,-52.838995571434495
-45.844212859869,-53.550254341959956
-40.777114644646645,-50.99317855685949
-41.24246062338352,-51.38999781310558
-69.13544031977654,-52.723451644182205
-40.23029215633869,-52.99131454974413
-32.47980071604252,-50.955435645580295
-64.31377387046814,-51.275402408838275
-61.627317041158676,-50.86994530558586
-42.5519895106554,-49.79749389141798
-47.602850675582886,-48.5805252417922
-58.01884254813194,-49.7979882106185
-65.93323862552643,-52.31360060870647
-55.586347848176956,-53.74798933118582
-63.68673703074455,-53.20311900228262
-46.29317659139633,-53.80940744578838
-56.74495828151703,-56.23592320233583
-38.12161837518215,-53.616707652807236
-65.75345796346664,-54.02932174503803
-43.621963024139404,-54.13631909638643
-62.41850244998932,-55.61788427382707
-53.41509175300598,-55.15750919431448
-48.98662203550339,-53.46284753531218
-37.350943103432655,-51.639307060837744
-37.008480697870255,-48.971481427550316
-41.11347338557243,-48.45351110696792
-38.216357320547104,-46.60065101087093
-58.08838713169098,-48.59732788652182
-41.9083314538002,-46.21281523555517
-57.27274250984192,-47.57789318412542
-60.45027935504913,-47.381070874631405
-40.99143689870834,-46.13870538920164
-37.454254895448685,-44.985468675196174
-34.71676158905029,-44.722050523757936
-60.215885013341904,-47.0427909553051
-61.25781258940697,-49.057224875688554
-39.37093210220337,-49.17268235385418
-49.07578021287918,-48.271421661973
-68.38308587670326,-50.91889710426331
-59.344898760318756,-51.12611272931099
-35.80375203490257,-48.66145999729633
-34.00729598104954,-47.96304590553045
-63.60565033555031,-50.57818544954061
-56.495455384254456,-52.75605482906103
-41.307982087135315,-50.86526453644037
-32.564718529582024,-47.99595513045788
-48.5156325250864,-48.91042517274618
-61.62451872229576,-50.16529902368784
-60.827786922454834,-49.409769128262994
-38.48039750754833,-47.323319002985954
-34.633726090192795,-47.20631640851498
-38.382512241601944,-47.643838034570216
-63.90907111763954,-47.67418011277914
-39.78799596428871,-46.00343417078257
-59.365517765283585,-47.809187738597394
-45.49669961631298,-49.10238584727049
-39.48637408018112,-48.19946000277996
-40.541831612586975,-46.09119129180908
-48.313687205314636,-44.839781320095064
-38.489029824733734,-44.840644551813604
-34.04221539199352,-44.78149348199368
-59.59153038263321,-46.9023952960968
-55.41921743750572,-46.05340992808342
-48.09662780165672,-46.88427311182022
-37.31924529373646,-44.67964586466551
-38.42480757832527,-43.97245666086674
-37.11401942372322,-43.735221195220944
-51.18500691652298,-44.799538725614546
-44.98733928799629,-44.46690393388271
-46.09255573153496,-45.22725652456283
-31.57809843122959,-44.98084482848644
-60.393548518419266,-45.06104664206505
-38.03780126571655,-43.32290502488613
-57.267580300569534,-44.240000274777415
-43.50815322995186,-44.858891068398954
-23.696826204657555,-43.38609293103218
-60.557133585214615,-45.73040434718132
-34.42101462185383,-44.054005117714404
-40.6674402654171,-43.622015215456486
-59.81688350439072,-44.99444799274206
-39.63955198228359,-45.80059334784746
-40.17059510946274,-43.77829800695181
-60.214410960674286,-45.99595897644758
-62.071643859148026,-46.476365332305434
-38.909938260912895,-46.016543835401535
-61.15358319878578,-49.762219534814356
-37.4462456703186,-47.451130743324754
-59.09567201137543,-49.91859648227692
-38.68167424201965,-49.72001987993717
-43.13721212744713,-48.052052742242815
-33.79444032907486,-47.46754157692194
-35.70875337719917,-47.02135740369558
-40.4659760594368,-45.046513913571836
-42.18789890408516,-43.05813941806555
-41.515180855989456,-43.318663677573205
-38.18689726293087,-41.02199508398771
-34.6451710909605,-40.741887626051906
-30.359740778803825,-37.86829450279474
-39.46313725411892,-37.946440804004666
-35.96748733520508,-37.22946832478046
-36.03794024884701,-37.453818316757676
-58.825268626213074,-39.76546984165907
-59.99912315607071,-41.71878455132246
-39.882332876324654,-41.48822794854641
-41.83698436617851,-41.52040829956532
-61.49892720580101,-43.85161129385233
-37.75890703499317,-44.16298488825559
-56.56850555539131,-46.78386136591435
-48.09584313631058,-47.64713195413351
-42.762283116579056,-48.32661153227091
-51.246942073106766,-49.847511714696886
-37.70417547225952,-47.73540239930153
-34.94538000226021,-45.23002808392048
-37.488559409976006,-44.99065073728561
-34.61212047934532,-44.2681643486023
-34.986018389463425,-41.616873466968535
-55.91881477832794,-43.43286424130201
-36.70587620139122,-41.44660130590201
-32.87797263264656,-39.9248142555356
-39.32031488418579,-39.58061743229628
-42.586123049259186,-38.714535529911515
-38.04972085356712,-38.74909006804228
-35.60366955399513,-38.81491902321577
-48.495268762111664,-39.91558995842934
-46.397524297237396,-41.09413034021854
-58.29206946492195,-43.4247354477644
-59.95857325196266,-43.82871129512787
-59.582304269075394,-46.116354101896285
-41.53350627422333,-46.98190746605396
-34.21498864889145,-46.471374842524526
-51.02241596579552,-47.31500413417816
-50.61067393422127,-48.57109944224358
-38.735897570848465,-48.88432224392891
-49.69891342520714,-49.00468671023846
-38.6585254073143,-48.23078682124615
-50.66318401694298,-47.46789827644825
-51.50942614674568,-46.62298356592655
-59.99579268693924,-46.664332407712934
-32.34243716299534,-45.74522549659014
-46.29139268398285,-46.952865900099276
-51.689069211483,-47.01953122466803
-49.50321584939957,-46.90878541618586
-53.21746200323105,-48.35694185942411
-37.38916324079037,-47.125966840982436
-53.668988078832626,-48.62701310813427
-48.860357254743576,-48.44673043191433
-52.24955257773399,-48.52074307501316
-40.62251456081867,-46.583415262401104
-48.133292853832245,-48.16250083148479
-35.58115182816982,-47.09147674590349
-58.55816414952278,-47.77838623970747
-58.78144297003746,-48.70620895177126
-34.445681631565094,-46.829030914604665
-64.60572764277458,-49.55068735480309
-34.023426935076714,-47.58613124042749
-34.19918030500412,-46.120013545453546
-31.444075912237167,-44.03946587890387
-61.215577483177185,-46.098772171139714
-39.977819085121155,-45.283224794268605
-36.61774742603302,-45.38688435405493
-58.208311438560486,-45.351899082958695
-37.3262814283371,-43.20638292878866
-35.71427647769451,-43.33324241340161
-50.48702475428581,-41.921372124552725
-55.93986853957176,-44.11301628500223
-57.420739740133286,-46.43517222851515
-59.95078131556511,-49.28584276884794
-33.20929215848446,-46.48521423637867
-47.820381194353104,-47.26947044730186
-36.494291573762894,-47.25712486207485
-48.40314435958862,-46.276608154177666
-38.34887233376503,-46.37886724472046
-32.461405381560326,-46.05358013510704
-50.80076992511749,-46.084954652190206
-36.81688450276852,-44.17265624850988
-49.77495947480202,-43.40807822197676
-35.0972688049078,-40.92272697091103
-35.49679873883724,-41.1514776289463
-57.6624111533165,-42.13568062484264
-52.07232949137688,-43.69348441660404
-31.55343583226204,-42.00851356387138
-55.51447632908821,-43.7250739634037
-33.84349137544632,-43.8632825627923
-50.4108222424984,-43.82428779453039
-32.30549293756485,-43.37314863801002
-36.608378008008,-42.05649049133062
-36.63813824951649,-42.21057743579149
-52.40968635678291,-43.90186619758606
-32.61654917895794,-41.397280000150204
-36.52251885831356,-39.842298936843875
-56.3098022043705,-42.317935574054715
-35.69618219137192,-40.33610616028309
-50.35870948433876,-41.98762797117233
-41.836508214473724,-41.13019656836987
-44.558388113975525,-42.355486086010934
-49.706837832927704,-43.665332068502906
-50.718480706214905,-45.073366314172745
-28.69024632871151,-42.701422311365604
-53.341523587703705,-44.77391975224018
-54.97922909259796,-46.61959077566862
-52.64367711544037,-46.25297826677561
-36.196557223796844,-46.3030157700181
-31.073833152651787,-44.374528136849406
-38.559603333473206,-44.04683764874935
-47.505574464797974,-44.34155628383159
-48.89485004544258,-44.260357505083086
-35.75769206881523,-42.76427864134312
-32.357011049985886,-43.130955113470556
-40.66404390335083,-41.86320714503527
-54.34380489587784,-41.79966472536326
-37.7544936388731,-40.31074637770653
-35.62090086936951,-40.253180742263794
-33.448779076337814,-40.4906753346324
-50.1299646794796,-41.64771146923304
-46.65907487273216,-41.56306151002646
-56.73735997080803,-42.347312502563
-51.92038628458977,-43.963581924140456
-35.206033274531364,-44.248484146595004
-48.37964531779289,-45.02004428803921
-35.322872057557106,-43.117951004207136
-32.41561223566532,-42.58406286388636
-52.85939800739288,-44.3079125776887
-53.881094604730606,-46.35114413052797
-54.6679949760437,-46.80494716018438
-29.408310666680336,-45.0798707395792
-53.49120816588402,-44.7552555590868
-34.77018900215626,-43.04023583084345
-32.785581544041634,-42.79819065779448
-32.04315268993378,-41.16454139500856
-35.966497883200645,-41.22890397757292
-45.427029460668564,-42.530045700073245
-42.00888392329216,-41.44499429166317
-57.392807722091675,-41.796165603399274
-46.3726187646389,-40.9666279822588
-35.29320713877678,-41.55511762946844
-52.17959812283516,-41.423956625163555
-54.81479302048683,-43.42841702699661
-38.7720732241869,-44.02706619501114
-31.929950952529907,-44.01574602127075
-42.735813811421394,-44.69267761409283
-36.35132446885109,-43.78510711491108
-35.8801222294569,-43.17223094552755
-36.136620208621025,-41.04661219418049
-47.88156560063362,-41.19750687777996
-51.517653822898865,-42.81995154619217
-33.264900758862495,-40.9284818097949
-32.5615267008543,-38.70315517783165
-53.40229159593582,-40.16617701500654
-40.78677028417587,-41.05185894817114
-32.81600967049599,-40.0598785340786
-33.589486345648766,-39.783694721758366
-31.037480920553207,-39.299430590868
-53.42020508646965,-41.02778907865286
-50.822995752096176,-41.32193209379911
-52.44760552048683,-41.414927263557914
-48.85966119170189,-42.97440330684185
-40.3521174043417,-43.75346237719059
-30.905815720558167,-41.50381478965282
-32.68506136536598,-40.693643897771835
-37.36179769039154,-41.14822269976139
-38.68251423537731,-41.657525488734244
-32.56748601794243,-41.81052599847317
-54.68720090389252,-41.937225580215454
-45.26825453341007,-41.38175145834684
-35.134616658091545,-39.65045257210731
-47.20149955153465,-39.484636408090594
-40.007264375686646,-39.45015110522509
-30.800482600927353,-39.439617793262
-50.618798583745956,-41.232991515100004
-35.763735711574554,-41.073185317218304
-56.38986387848854,-42.84392028152943
-36.85317724943161,-43.272489404678346
-40.66666017472744,-41.87043533176184
-44.293640315532684,-41.7729739099741
-51.32191389799118,-43.39170363396406
-53.373151153326035,-44.0088687941432
-30.133329764008522,-43.021475332975385
-37.94930763542652,-43.736357836425306
-34.14444079995155,-42.08892205804587
-51.39798706769943,-43.65234719365835
-35.517167419195175,-41.56507754772902
-34.46689461171627,-41.32644928395748
-57.77846786379814,-43.03763005286455
-34.01789240539074,-42.010055261850354
-50.36087280511856,-41.913951152563094
-37.089073210954666,-40.28554335832596
-30.964863434433937,-40.3686967253685
-30.059311851859093,-39.57969714701176
-45.74903476238251,-40.740156543254855
-32.95653049647808,-38.896010886132714
-39.33726353943348,-39.27802049815655
-28.091296806931496,-38.64046071767807
-32.43633586168289,-36.10624751746654
-34.033591359853745,-36.107817412912844
-31.817775383591652,-34.25350767076016
-39.42407263815403,-34.48700761348009
-50.91589576005936,-36.48211084604263
-29.576504915952682,-36.43383015245199
-42.55653977394104,-36.114580653607845
-47.00482428073883,-37.51941003203392
-34.32413609325886,-37.01809728741646
-41.32106086611748,-38.341073693335055
-46.262428402900696,-39.72368294745684
-53.9688521027565,-41.71720902174711
-30.294201463460922,-41.56485162973404
-52.15869879722595,-42.83831424564123
-34.57861375808716,-41.20458604544401
-28.04573665559292,-41.05150921940803
-34.282697185873985,-40.22412496060133
-35.996238470077515,-39.123266379535195
-53.74866107106209,-41.06571887731552
-35.01164023578167,-40.43477681428194
-54.7120087146759,-41.27973484545946
-33.14196138083935,-39.197045773267746
-47.2957179248333,-40.89719741940498
-32.72312247753143,-38.953639787435534
-56.580737948417664,-41.153852206468585
-31.491175696253777,-41.49839611053467
-47.46573969721794,-42.816700361669064
-30.30395098030567,-42.24747161269188
-56.83769631385803,-42.556375136971475
-31.02151048183441,-42.15736216157675
-56.7192719578743,-42.35808848589659
-31.648819655179977,-42.20877431333065
-74.49811816215515,-44.92901433706284
-27.81260295212269,-44.43796238452196
-34.70237158238888,-42.250125747919085
-56.481461465358734,-44.749154324829576
-42.45572732388973,-44.24815308749676
-46.49768263101578,-45.86752625256777
-33.70422998070717,-43.55417961925268
-30.486166208982468,-43.500645191967486
-35.087666034698486,-41.337484599649905
-53.59999632835388,-43.532602266967295
-38.082549929618835,-39.891045443713665
-34.1103807836771,-40.520823226869105
-39.09817510843277,-40.96040357947349
-29.057932287454605,-38.21805066168308
-32.72361873090267,-37.24483980238438
-35.94436039030552,-36.18950757831335
-34.631224647164345,-36.282207044959065
-34.90822263062,-36.72441268712282
-52.61847773194313,-38.47749385684729
-33.20315678417683,-36.43780990242958
-41.29176443815231,-36.758731353282926
-31.524014860391617,-36.50009476095438
-34.38794808089733,-36.02907205820084
-35.72826190292835,-36.69610501974821
-55.936291724443436,-39.017372319102286
-40.54497005045414,-39.47743328511715
-33.21881517767906,-39.33619233816862
-55.565721303224564,-41.40194220542908
-51.73275178670883,-41.313369610905646
-54.200203597545624,-43.41307429224253
-54.82294870913029,-44.766192719340324
-56.16136944293976,-47.22992817759514
-31.595802798867226,-46.95071364939213
-56.06509467959404,-48.9843969270587
-28.99863252043724,-46.290631006658074
-47.89892369508743,-47.026026371121404
-56.30723065137863,-49.33486791849136
-28.430279567837715,-46.621323744952676
-36.3085333108902,-45.07890189737081
-28.400337740778923,-42.49891531169415
-58.01573523879051,-42.81819396466017
-27.690999299287796,-39.97115695029497
-30.358711257576942,-39.847447796165945
-52.37750497460365,-39.47868882566691
-34.652666956186295,-40.04409226924181
-33.80021572113037,-38.634221471846104
-49.584735095500946,-37.961971916258335
-28.147302985191345,-37.9336742579937
-31.30503249168396,-37.43332417607307
-45.5533410012722,-39.1486245021224
-33.391310065984726,-36.686181984841824
-56.44187015295029,-39.56126907020807
-61.04623433947563,-42.63002137839794
-42.425433576107025,-41.63481423854828
-33.43272912502289,-41.512820455431935
-53.716003090143204,-43.504399192333224
-54.96531009674072,-44.0424566924572
-50.21861431002617,-46.24958782494068
-50.10155910253525,-48.12924048602581
-28.644200265407562,-46.438326412439345
-40.65755869448185,-47.164951275289056
-49.00119933485985,-46.42088419348001
-48.59399211406708,-45.17565997093916
-34.850636929273605,-44.41818030625582
-34.85883654654026,-44.56079104840755
-28.104419961571693,-41.999632735550406
-37.99556061625481,-40.302657787501815
-37.81090408563614,-39.06188676506281
-48.03297072649002,-38.85502792745829
-55.65292474627495,-41.55590037554502
-43.649822473526,-41.85512675344944
-33.94606450200081,-40.34961327016354
-28.601734697818756,-38.350387528538704
-47.0986348092556,-39.575187316536905
-54.65801402926445,-41.555105064809325
-29.673244267702103,-41.71198749542236
-25.859088763594627,-40.498340310156344
-54.18723452091217,-42.13597335368395
-47.49600401520729,-42.08227668255567
-43.31416489183903,-40.84840069711208
-53.78240603208542,-41.86165905296802
-53.11484885215759,-43.778537487983705
-55.6668621301651,-46.48505023121834
-33.46842539310455,-45.12202928960323
-29.346957206726074,-42.590923607349396
-48.33792653679848,-44.457391834259035
-44.99149668216705,-46.370632626116276
-33.376853317022324,-44.289594505727294
-31.745547026395798,-42.71454880684614
-54.30805265903473,-43.81393758356571
-32.99568019807339,-41.73526500016451
-51.70919573307037,-41.59469968825579
-41.524083226919174,-40.180421797931196
-33.89571011066437,-40.223150269687174
-30.66036529839039,-40.354491078853606
-44.77324417233467,-39.998022842407224
-37.48030270636082,-39.2469034448266
-33.02129504084587,-39.21134761720896
-45.72587624192238,-40.60938053876161
-30.312839180231094,-38.209859190881254
-53.08232048153877,-40.21852321922779
-53.53167259693146,-40.400770905613896
-34.83784867823124,-39.7321474507451
-56.143946170806885,-41.95697105675936
-29.805572241544724,-41.87149175107479
-34.443113416433334,-40.83847867548466
-44.48785716295242,-41.53923412114382
-52.44918876886368,-43.4820234939456
-31.07792292535305,-42.01722816228867
-32.11548961699009,-42.19749320596456
-60.69207817316055,-42.95846897512674
-57.0256187915802,-43.307863594591616
-30.54919643700123,-42.878998370468615
-34.084704518318176,-40.67307420521975
-40.64201261103153,-41.756718242168425
-48.0907518863678,-43.12148208916187
-35.983527794480324,-42.27104915231466
-30.355661407113075,-40.061696416139604
-51.173920661211014,-42.0712961897254
-54.78631192445755,-44.33837842047215
-46.16252711415291,-42.88542331457138
-34.051511719822884,-40.58801260739565
-39.622328013181686,-41.495325765013696
-31.7947399020195,-41.26632930338383
-48.29174867272377,-42.03130290955305
-44.96200367808342,-41.718428088724615
-29.07705956697464,-41.02778126597404
-31.011080130934715,-41.09332313835621
-30.3181961029768,-39.00775068253279
-56.011061787605286,-39.13022566884756
-54.581576853990555,-39.972130642831324
-32.87908345460892,-39.854887816309926
-43.252956703305244,-40.217950685322286
-37.77155013382435,-40.81563170850277
-29.889345929026604,-38.97539143413305
-52.08103561401367,-39.687294627726075
-32.1008163690567,-39.98967030793428
-32.36206592619419,-40.124768887460235
-53.94143730401993,-42.487093007564546
-35.54599620401859,-40.440586449205874
-29.779765903949738,-37.9604053542018
-29.88731461763382,-37.661228470504284
-45.93089732527733,-37.929022532701495
-29.674509420990944,-37.11931846141815
-35.31056687235832,-37.66144055575133
-27.762314453721046,-35.22956843972206
-51.01235008239746,-37.120721811056136
-34.21984997391701,-37.30650021582842
-58.23071798682213,-37.735428284108636
-44.4121233522892,-38.6220409989357
-52.9220949113369,-40.93627389967442
-37.716883555054665,-41.7192307934165
-30.25264573097229,-40.151405633985995
-54.032690554857254,-42.587223747372626
-54.213308453559875,-44.47749790549278
-28.424033150076866,-44.543669775128365
-42.67574241757393,-43.71000900864601
-43.88172955811024,-44.67619696706534
-34.3594895452261,-42.28907412290573
-28.23875617980957,-40.671737405657765
-40.65751937031746,-39.445279851555824
-47.141401797533035,-40.387731675803664
-31.033789545297623,-40.46584605723619
-44.695360630750656,-39.53211306482554
-45.81991493701935,-38.69277371317148
-36.00992335379124,-39.45136273354292
-51.99895066022873,-40.383683557808396
-49.706977397203445,-40.96620834171772
-57.04810366034508,-43.23506975322962
-35.84407298266888,-43.995601433515546
-33.500694170594215,-43.27991891354323
-47.9986914396286,-43.36564787775278
-49.209431529045105,-45.18321207612753
-49.15076610445976,-45.62875262349844
-28.689443960785866,-43.91570552587509
-41.23226301372051,-44.43793949186802
-34.1702906191349,-42.655073487758635
-44.552401438355446,-42.13961589187384
-34.130149215459824,-39.84782044738531
-40.35077753663063,-40.29849090278149
-35.866519540548325,-40.535073439776895
-46.02438308298588,-40.337642604112624
-30.27032083272934,-38.443731534481046
-29.704873621463776,-36.49914228618145
-34.566989839076996,-37.08689687401056
-32.11078767478466,-36.174749340116975
-32.44597168266773,-36.00231744647026
-56.84797605872154,-37.23187490850687
-33.93187615275383,-37.21204760223627
-44.47592118382454,-37.62456196695566
-32.425830364227295,-37.28049304932356
-50.61674538254738,-37.73972927927971
-37.22280743718147,-38.434977939724924
-34.197015181183815,-38.884192095696925
-48.356921285390854,-40.26318524032831
-29.1610616594553,-39.96821263879538
-27.43278455734253,-39.466893926262856
-50.37395867705345,-38.81949218809605
-35.010417863726616,-38.92734635919332
-31.89852738380432,-37.6696069791913
-35.66275043785572,-37.993298986554144
-28.443251699209213,-35.77594961822033
-34.74578423798084,-35.528247298300265
-45.68800139427185,-36.67734591960907
-31.25738149881363,-34.967391940951345
-38.692320108413696,-35.92051778584719
-37.6937560737133,-36.94661493748426
-28.900518968701363,-34.799270966649054
-48.84675261378288,-36.182904441654685
-52.60598233342171,-38.25364993661642
-33.912563636898994,-38.07863125652075
-32.203808680176735,-38.4546869546175
-33.71035948395729,-38.351144479215144
-49.34393259882927,-38.716737599670886
-51.054730862379074,-40.69647253602743
-56.14928695559502,-42.44216922074556
-48.028047144412994,-43.47559832781553
-50.05736327171326,-45.59128275811672
-42.61281077563763,-44.967888574302194
-48.49560599029064,-44.55685093998909
-25.77300553023815,-43.742895129323
-27.75009022653103,-43.297523283958434
-50.73968157172203,-45.00045549273491
-52.54631093144417,-45.3206933259964
-32.344462275505066,-43.449666467309
-53.2947134077549,-43.164209112524986
-34.220102444291115,-41.783414642512795
-53.40487444400787,-42.11816575974226
-32.44982098042965,-41.101866780221464
-32.19680771231651,-39.47198695242405
-25.928455278277397,-39.48753192722798
-30.612046748399734,-39.773727579414846
-32.375839963555336,-37.937343418598175
-31.859723582863808,-35.86868468374014
-51.64627566933632,-37.79886602312327
-27.801132678985596,-35.24950795024633
-27.94662283360958,-34.62215998917818
-29.320973753929138,-32.21376992017031
-27.122667342424393,-31.68105455636978
-54.11498153209686,-33.872871938347814
-33.99799790978432,-34.67982620149851
-44.4366669356823,-36.06228822022676
-53.91180121898651,-38.21588434576988
-41.512329906225204,-39.18114497810602
-29.2345302850008,-36.93997043967247
-47.0035667270422,-38.86021384447813
-52.41771557927132,-41.307323119044305
-34.90312643349171,-41.86553838700056
-34.655570819973946,-42.61882873475552
-29.079604864120483,-40.11529106795788
-33.20285066962242,-40.03577634394169
-30.201878249645233,-38.61229747533798
-49.347152560949326,-38.155832609534265
-28.49970892071724,-36.854570510983464
-29.184175819158554,-36.84953506439924
-28.38303352892399,-34.98748174458742
-33.85389256477356,-33.13109944313764
-32.64119078218937,-32.90490587800741
-35.20449033379555,-32.95979782938957
-25.77381344139576,-32.6292186871171
-46.861930042505264,-33.99512662440539
-33.35998547077179,-34.31093734651804
-28.30942264199257,-32.207164354622364
-36.90057855844498,-33.04725131839514
-37.505154341459274,-33.87934917062521
-30.788275867700577,-34.11987340450287
-46.73432421684265,-35.407916569709776
-50.98092916607857,-37.2418904080987
-37.161133483052254,-37.43755472302437
-37.22430191934109,-38.582603570818904
-32.42551499605179,-37.138962066173555
-46.41879849135876,-38.44484336823225
-26.347993835806847,-38.248700487613675
-38.53178387880325,-38.41182101964951
-55.94720792770386,-40.256026378273965
-34.04853895306587,-40.58205268681049
-31.8182580024004,-39.090446065366265
-32.78472973406315,-37.27082612216473
-60.08264660835266,-39.562977434694766
-28.61649066209793,-38.70219630897045
-33.11620007455349,-38.77126481682062
-29.084507331252098,-37.03783570080996
-54.47306001186371,-39.85034231841564
-27.324653178453445,-38.72962924838066
-54.74194523692131,-38.609102979302406
-54.25598764419556,-40.62984784841537
-45.695015877485275,-42.017523635923865
-33.25798523426056,-42.0648491859436
-53.450472325086594,-41.401631757617
-29.87275041639805,-41.52725773304701
-28.137103959918022,-41.02934812158346
-29.941321149468422,-41.1150295034051
-39.680429458618164,-39.63576644808054
-45.51110690832138,-41.45441182106733
-31.047242060303688,-39.084941503405574
-50.521198719739914,-38.711462610960005
-33.843986228108406,-37.52635964602232
-36.10933995246887,-37.81149511784315
-37.051122203469276,-36.17156010568142
-33.48003877699375,-36.53228894174099
-53.0334954559803,-39.02192809134722
-55.927651166915894,-41.620561093091965
-27.752285689115524,-40.4277467161417
-54.007839530706406,-41.2774199783802
-29.36846874654293,-41.109542647004126
-51.443778455257416,-41.20180062055588
-50.15619218349457,-42.833021216094494
-42.2765716612339,-43.449744386971
-34.01384937763214,-43.14601710438728
-49.169146567583084,-44.714927883446215
-29.54439702630043,-42.36601804047823
-53.246627777814865,-42.09791570156813
-48.85722476243973,-44.208409608900546
-53.3347844183445,-44.14110409766435
-40.94902455806732,-45.29915967881679
-55.228732883930206,-45.677655121684076
-30.021616965532303,-43.66419759988785
-54.966951221227646,-44.93323555588722
-25.634128838777542,-44.095263502001764
-50.04496669769287,-44.182845515012744
-55.09960746765137,-46.738366559147835
-41.11561155319214,-45.52526493668556
-42.04919894039631,-44.84446235448122
-27.901853635907173,-42.30116927623749
-46.34299099445343,-42.8405659198761
-42.121430441737175,-41.5298356756568
-32.19999675452709,-41.74767365455627
-40.49952590465546,-40.30093112289906
-39.58248667418957,-41.695766906440255
-29.511893674731255,-39.64245960414409
-38.575559854507446,-37.99005484282971
-49.880631029605865,-38.86655679047108
-31.833006888628006,-37.84493758529425
-50.0915764272213,-40.06390986442566
-29.264026284217834,-38.3560133934021
-34.823344603180885,-37.62620480954647
-25.634811088442802,-36.96968624293804
-44.18697276711464,-37.33843092918396
-29.472083553671837,-36.32739061713219
-31.277310460805893,-36.50393229573965
-37.59888128936291,-36.4062644392252
-32.98869180679321,-34.717070516943934
-32.205861642956734,-34.7543559923768
-50.387020111083984,-34.78390036076307
-42.25398448109627,-36.082896180450916
-35.87420603632927,-36.18798232376575
-31.756781712174416,-36.800179386138915
-33.1611992418766,-35.69760203361511
-50.62133306264877,-37.81252698451281
-44.19614624977112,-39.10441056340933
-37.00507991015911,-39.045030425488946
-46.93999880552292,-40.44016112536192
-36.55461813509464,-40.87503677457571
-41.35701647400856,-39.97203641086817
-45.79958960413933,-40.326596923172474
-55.88289254903793,-42.32746557444334
-34.160598784685135,-42.56784728169441
-55.46098816394806,-44.797826173901555
-34.921461552381516,-43.22783902287483
-58.16602924466133,-44.624827322363856
-33.01492340862751,-44.225811672210696
-35.582855105400085,-43.09009730219841
-45.40008491277695,-43.97464397996664
-30.26497681438923,-42.865440014004704
-38.59961296617985,-42.14544235020876
-56.11945578455925,-42.16909867376089
-46.79412344098091,-43.432451139390466
-48.52481660246849,-42.738833983242515
-51.55437847971916,-44.40212567597628
-52.99086919426918,-43.88460967093706
-33.289899751544,-43.91210730522871
-54.19229191541672,-45.77305098623037
-29.29455617070198,-44.162498112022874
-34.27793161571026,-44.56379359215498
-45.18393063545227,-45.22222535908222
-45.648689448833466,-44.175148725509644
-44.49269488453865,-43.94500586986542
-39.600870847702026,-43.05261129438877
-53.12444067001343,-43.209617513418195
-30.581318631768227,-40.9686624571681
-26.564559757709503,-40.296128457784654
-33.14212942123413,-38.19111220836639
-29.499638468027115,-38.211620438098905
-45.186557561159134,-39.30248303264379
-29.10509602725506,-37.69459957182407
-51.20957750082016,-38.25068837702274
-30.744846060872078,-36.875903494656086
-30.345603466033936,-35.95037675648928
-41.32720923423767,-34.7706536129117
-30.524068892002106,-34.76492863893509
-30.029755994677544,-35.111448262631896
-30.881495013833046,-34.88538482189178
-31.999314680695534,-35.135352443158624
-48.07001939415932,-35.423698626458645
-48.2525075674057,-37.338439780473706
-42.60378906130791,-36.47786093652248
-36.352699011564255,-37.0386462315917
-34.45579394698143,-37.44966527968645
-30.25335332751274,-36.34227968901396
-31.380397215485573,-36.4279125213623
-30.796191841363907,-36.50455610603094
-47.609762489795685,-38.17738285362721
-41.202520698308945,-39.09770345538855
-31.24673479795456,-37.41537499576807
-32.516288474202156,-35.84175308644772
-38.1666472107172,-35.398038901388645
-44.325092405080795,-36.1952782407403
-36.81223717331886,-36.43092256337404
-31.5814401358366,-36.56373124420643
-31.75046145915985,-36.600737668573856
-52.98171377182007,-38.819289861619474
-54.36202573776245,-39.49451618641615
-29.782024905085564,-38.35246660709381
-32.712241396307945,-38.49901726692915
-29.376184567809105,-38.18500687628985
-45.97345298528671,-38.965687453746796
-27.385926887392998,-37.271770901978016
-48.05935820937157,-38.396483005583285
-27.24618010222912,-37.96295700222254
-51.64442455768585,-39.95235331207514
-56.01823142170906,-40.25600507706404
-35.10499855875969,-38.33030235916376
-32.5991730093956,-38.612017169594765
-27.581823363900185,-38.09897536635399
-27.2854061126709,-37.889897520840165
-31.876227915287018,-36.480175013840196
-53.90623879432678,-39.132206204533574
-55.06773307919502,-39.833043691515925
-43.748120695352554,-41.483237750828266
-49.43885460495949,-41.26268075555563
-46.4704424738884,-40.30790186077356
-31.758919909596443,-39.97329399585724
-33.738230898976326,-40.08719978481531
-31.758964478969574,-40.50491389632225
-47.30188211798668,-42.50656149685383
-50.69703197479248,-44.38864190280437
-44.92350813746452,-43.49036883711815
-30.255182147026062,-41.00911374390125
-32.72365000844002,-39.90666667521
-38.692079812288284,-38.83198919594288
-31.93811969459057,-37.378756918013096
-34.33871045708656,-37.63673597276211
-41.54819533228874,-38.41773241609335
-48.52928805351257,-40.09476477354765
-36.233479365706444,-38.98792449831963
-32.270117938518524,-37.14523309469223
-33.377027705311775,-35.990585051476955
-30.5109553784132,-36.01616237461567
-33.91028390824795,-36.134825764596464
-30.093588456511497,-35.27497662901878
-26.02340240776539,-34.68350490033627
-31.476098611950874,-34.3972437158227
-34.41548711061478,-33.6839728936553
-49.772758305072784,-33.80831991881132
-43.47255530953407,-34.53222751319409
-32.68243533372879,-34.57345925271511
-45.53239333629608,-35.78899581581354
-48.571759045124054,-37.595076182484625
-30.210458755493164,-37.22509366720915
-33.74255545437336,-37.58999036699534
-53.2102387547493,-40.308674001693724
-45.32079139351845,-41.69314327985048
-35.72757163643837,-41.824351732432845
-45.200767517089844,-41.36715265363455
-52.35494765639305,-42.255391888320446
-29.978665083646774,-41.985014863312244
-48.42830544710159,-42.27460607439279
-34.28724531829357,-40.84615470170975
-31.574893936514854,-40.98259821981192
-42.05983613431454,-41.81432628780603
-28.680374920368195,-39.361339904367924
-52.77537214756012,-40.10679797977209
-45.536942303180695,-41.087735046446326
-46.60304871201515,-41.22796316593885
-32.53219912946224,-39.24568831324577
-30.045861333608627,-39.25240793824196
-47.168949007987976,-39.1264722943306
-30.94348919391632,-38.79209668189287
-47.41029781103134,-40.37563706934452
-32.84235538542271,-39.45388899445534
-53.469879895448685,-41.932839491963385
-51.85814103484154,-41.84111638069153
-44.70683455467224,-41.75810560584068
-33.76142494380474,-40.47394322901964
-44.80843013525009,-41.70156632959843
-26.761977568268776,-41.37317795306444
-40.06503823399544,-40.66278687566519
-49.412447184324265,-42.509682674705985
-34.18182152509689,-41.186835046112535
-48.95730194449425,-42.79832970201969
-47.40498983860016,-42.191840696334836
-28.223771899938583,-39.828403782844546
-34.04353845119476,-38.762074172496796
-31.38467787206173,-38.524399465322496
-46.39524641633034,-38.683081093430516
-48.439167857170105,-40.85080012232065
-33.65636621415615,-40.209932920336726
-33.21449187397957,-38.59013738930226
-26.028520613908768,-37.77480729818344
-42.094308376312256,-37.08850794136524
-28.25566567480564,-35.17357552498579
-32.85304771363735,-35.63650310635567
-42.37531517446041,-36.46968077868223
-42.56158962845802,-37.58737195432186
-49.97093194723129,-37.94494050741196
-30.41818977892399,-36.14284269958735
-48.04302400350571,-37.5815084785223
-33.01653975248337,-37.56171326637268
-38.15933237969875,-38.77479444295168
-48.607845425605774,-39.42614814788103
-35.03812496364117,-40.104394076764585
-45.928200870752335,-41.41190939247608
-53.71780264377594,-42.54615813940764
-30.84480232000351,-41.37447940856218
-25.459511026740074,-38.92333731651306
-53.68462496995926,-41.24998083561659
-30.54927235841751,-39.50060567110777
-25.73510129749775,-38.772461825609206
-26.2540872246027,-37.581937310099605
-49.45651230216026,-37.66680399775505
-51.21200889348984,-39.28419239073992
-41.74458226561546,-38.86583053022623
-31.417117968201637,-36.6357620626688
-51.190311431884766,-38.67031297385692
-53.183032006025314,-41.44266507178545
-31.497197061777115,-39.22392228096724
-51.63800823688507,-41.33279586881399
-46.33904507756233,-43.39319024682045
-42.059014052152634,-44.973682929575446
-35.483028531074524,-43.57633455246687
-26.993167534470558,-41.15445041656494
-35.79117701947689,-40.55910989195108
-45.279863610863686,-41.94538445621729
-39.747389391064644,-40.80109225213528
-36.677788600325584,-39.150567911565304
-28.37910981476307,-38.838759186863896
-50.049975872039795,-38.67995595037937
-32.82163655757904,-37.328215098381044
-27.213003411889076,-35.84361403435469
-43.5938726067543,-36.65469844192266
-51.33588665723801,-39.08897035419941
-39.36809776723385,-39.4466624289751
-42.134695798158646,-39.132145647704604
-42.13642033934593,-39.37104874253273
-32.17864881455898,-38.92113476395607
-26.91706593334675,-38.774930375814435
-44.625162571668625,-38.23244904577732
-53.638377487659454,-40.31412313878536
-43.2294864654541,-41.91577144414187
-47.97376537322998,-42.35376072078943
-45.88255277276039,-41.80842733234167
-29.245131880044937,-40.79613074362278
-38.6895637512207,-40.451617538928986
-54.24111247062683,-41.66208675205708
-47.05217310786247,-43.14943918138742
-34.5766322016716,-43.91539580821991
-49.50110059976578,-44.402989611029625
-42.52524083852768,-43.29167594611645
-45.74542087316513,-43.54326938688755
-30.718883112072945,-41.817781160771844
-31.558611258864403,-40.38538700938225
-45.938183546066284,-42.054692175984385
-51.19833618402481,-43.30556941926479
-35.38808234035969,-41.42026640623808
-34.39316889643669,-40.1543659850955
-50.312371999025345,-41.727939964830874
-32.47549022734165,-40.02537892758846
-36.59665285050869,-39.432520128786564
-35.1203935444355,-38.3700173959136
-33.86377216875553,-38.68450630158186
-41.196761667728424,-39.648321342468265
-41.020471319556236,-39.156550119817254
-53.05158689618111,-39.341875191032884
-29.207174241542816,-38.7237843811512
-32.76756480336189,-38.56122397184372
-40.6472177952528,-37.59470855146647
-56.91450709104538,-40.038610237836835
-29.709777146577835,-39.34992266744375
-29.983641654253006,-38.836247478425506
-33.021925300359726,-38.75206279158592
-48.423658192157745,-39.47475244402885
-35.04013013839722,-38.876718325912954
-46.300704926252365,-38.20163012892008
-51.50881239771843,-40.43179394453764
-42.82584837079048,-41.4376223012805
-54.05152145028114,-42.77805266678333
-29.17798462510109,-40.0044004201889
-56.45755994319916,-42.679178699851036
-33.00626713037491,-42.98144124746322
-31.492966011166573,-42.82854531854391
-30.50650542974472,-41.03683004230261
-33.22644379734993,-40.85546140819788
-26.35550720989704,-38.860941636562345
-27.770755276083946,-36.4871359243989
-44.83893871307373,-36.68844495862722
-42.21423473954201,-35.50471628755331
-36.85187117755413,-36.27210494279861
-30.37733645737171,-33.66408259421587
-33.00222934782505,-33.663678815960886
-52.40828427672386,-35.755210642516616
-34.78011427819729,-36.18257152736187
-28.910557374358177,-35.7509828850627
-40.831486612558365,-37.198580825328825
-57.002351731061935,-40.12174047082662
-32.74416357278824,-38.912262956798074
-45.11150221526623,-39.2019897043705
-33.78758502006531,-38.89556108862162
-26.61644473671913,-38.519471916556355
-33.318330466747284,-38.55108202844858
-51.277086198329926,-38.43796222060919
-54.83198341727257,-40.443149134516716
-28.60801310837269,-40.41289470791817
-32.89654265344143,-39.619400312006476
-30.88157257437706,-37.00732239633798
-42.722978353500366,-38.0052038744092
-26.70152872800827,-36.164206525683404
-48.961235731840134,-37.681571596860884
-26.759354561567307,-37.6958625793457
-31.91195997595787,-37.55522553026676
-43.73467481136322,-36.80098439157009
-29.367477774620056,-34.25453382730484
-44.399298653006554,-35.83366238176823
-36.1745810508728,-36.16146622151136
-31.2634696662426,-36.199655930697915
-54.74654930830002,-37.40201302617788
-35.84926551580429,-38.31678670495749
-54.885393887758255,-38.9092025205493
-55.71029853820801,-41.80429691821337
-57.2771951854229,-44.34082043915987
-36.21924929320812,-43.58927788734436
-38.52493964135647,-44.505024074018
-52.44484353065491,-45.309578561782835
-32.00375634431839,-44.8924960911274
-38.90718750655651,-45.65686787515879
-30.700554192066193,-43.25226836353541
-42.51890003681183,-43.91923181563616
-28.22999919950962,-41.25369234681129
-56.91088065505028,-41.37375055849552
-48.97557455301285,-40.54358849525452
-54.90934979915619,-42.41259854584932
-50.90684263408184,-43.65078884512186
-30.113708585500717,-41.417675350606444
-27.15667524933815,-40.932967241108415
-53.98737025260925,-42.44098551571369
-28.33866575360298,-42.20479667186737
-31.501494228839874,-41.10305609107017
-32.156242817640305,-41.49568045288324
-32.50549906492233,-39.055142293870446
-28.915423914790154,-37.04912723004818
-16.668389156460762,-33.22503116577864
-48.85042816400528,-33.01938971877098
-48.372559159994125,-34.84527477622032
-29.833600342273712,-35.112967285513875
-35.88842158019543,-33.30307241827249
-54.93614688515663,-35.96282053142786
-55.50093200802803,-38.36276430934667
-44.42518675327301,-39.589658702909944
-47.189934611320496,-41.05810225754976
-45.71681301295757,-42.7382411673665
-28.69607800245285,-43.94101005196571
-37.140918865799904,-42.77005912214518
-30.44860327243805,-40.97766353338957
-39.2434766292572,-41.91865116208792
-32.600197553634644,-41.58982875943184
-29.935204312205315,-39.08973450213671
-33.629299998283386,-36.90257130116224
-39.284939378499985,-36.38854656368494
-50.045364797115326,-36.67408958226442
-59.5562489926815,-38.05803318023682
-56.24374148249626,-40.81279952824116
-29.668464064598083,-40.06555404812097
-46.04967746138573,-41.625661467015746
-46.264562010765076,-42.32777000516653
-31.559160500764847,-42.223666299879554
-39.28359679877758,-43.15850554853678
-58.60487288236618,-45.656062836945054
-31.63202564418316,-44.890771463513374
-26.992953285574913,-42.58553031235933
-28.046444445848465,-39.43454985767603
-28.386282369494438,-36.64880394637585
-44.13906019926071,-38.09586355984211
-30.482658341526985,-36.53916164785623
-25.16538217663765,-34.42924366444349
-33.928685978055,-34.66619621217251
-36.94726583361626,-34.43256311565638
-50.04128763079643,-33.5762045904994
-31.327627763152122,-33.5457648023963
-47.84511265158653,-35.63098073899746
-46.65841481089592,-37.492177775502206
-29.763585597276688,-37.62990809828043
-27.359908267855644,-35.951992905139925
-29.419862315058708,-35.845713302493095
-49.32951892912388,-38.262126977741715
-44.13009637594223,-39.28226801753044
-47.2611663043499,-40.31365806460381
-44.16296838223934,-39.725826139748094
-47.86863738298416,-41.3799271017313
-42.00232353806496,-40.79564819037914
-30.209939017891884,-39.150800611078736
-30.577844589948654,-39.23222651034594
-35.33723095059395,-40.029958778619765
-52.568997263908386,-42.344872273504734
-31.28360106050968,-40.54028048664331
-31.012057527899742,-39.22847660183906
-47.91379427909851,-39.29373939931393
-35.369934901595116,-38.4144360512495
-52.15512299537659,-38.843084612488745
-31.304472610354424,-37.773299519717696
-46.81184679269791,-39.4334902971983
-47.03344130516052,-41.07904996871948
-55.061255127191544,-43.05145238637924
-26.52093343436718,-40.44664600342512
-47.40454697608948,-42.0587405949831
-30.86685349047184,-42.04422019124031
-34.06851889193058,-40.65969265252352
-48.51759026944637,-41.97445818930864
-27.09739926457405,-39.46868581622839
-28.85702319443226,-39.22394087463617
-51.19276076555252,-39.66203227192163
-46.20592784881592,-39.579280926287176
-25.401720941066742,-36.6133275076747
-26.557665392756462,-36.617000703513625
-36.85176083445549,-35.561722089350226
-42.36993262171745,-36.71203000247478
-30.791967228055,-36.384374836087225
-47.634212613105774,-36.29603707045317
-53.20517295598984,-38.90681443959475
-55.438848704099655,-41.56499699056148
-34.952006593346596,-39.940921573340894
-53.04436379671097,-40.624765168130395
-48.15742485225201,-42.90033555924892
-32.462925001978874,-43.490861520171165
-49.870905339717865,-44.792775970697406
-53.574891090393066,-45.91327181756496
-32.406328320503235,-46.074707926809786
-28.97211717069149,-44.20849838256836
-26.81865791976452,-41.569846878945825
-55.039374619722366,-41.5298994705081
-38.829631835222244,-41.91766199469566
-34.261026829481125,-40.03932829797268
-46.09488967061043,-39.83307477980852
-26.385824471712112,-39.22536472678185
-33.13044884800911,-37.55131907761097
-34.41190953552723,-35.63502092212438
-50.31623125076294,-37.42601121515035
-29.29369083046913,-37.45816858112812
-27.68597601354122,-37.54490039050579
-27.203850492835045,-34.76134797781706
-31.658797338604927,-34.044264528155324
-29.813528910279274,-33.59951473623514
-27.112145408988,-31.701240310072897
-30.895475149154663,-32.152205377817154
-31.53376080095768,-31.992536573112012
-26.944598272442818,-31.24580544680357
-53.46291643381119,-31.560473965108393
-28.531054824590683,-31.48421036452055
-70.14489611983299,-35.73010237514973
-45.634026259183884,-37.57311995178461
-37.359807431697845,-38.1432209610939
-55.3033832013607,-40.692206390202045
-29.529136016964912,-40.93390545099974
-28.67127752304077,-40.71148568838835
-35.06622998416424,-41.064732606709
-28.619019597768784,-41.2321747392416
-32.11300916969776,-39.097184012830255
-54.92894271016121,-41.73697280138731
-45.97871506214142,-39.32035469561815
-55.785582572221756,-40.33551032692194
-50.64582580327988,-41.664112164080144
-28.94009892642498,-39.02778373658657
-39.02741348743439,-39.97761148363352
-31.03162783384323,-40.213646514713766
-45.317409098148346,-41.238764426112176
-29.65006998181343,-41.34186946451664
-32.78091877698898,-41.40866042524576
-35.03477540612221,-39.41924369484186
-30.283459544181824,-37.849718143045905
-29.77393627166748,-35.248553512990476
-51.56762772798538,-35.34073370546103
-43.8410522043705,-36.830829033255576
-28.870231106877327,-35.81511079519987
-26.440359756350517,-35.3559839874506
-30.053283721208572,-33.82957144975662
-51.083149537444115,-35.97287940531969
-40.87882623076439,-36.78267015069723
-47.94931799173355,-38.07412440925837
-48.18453660607338,-39.86423211544752
-44.7528677880764,-41.362125267088416
-28.26829381287098,-39.03219187557697
-55.53873446583748,-40.20196010172367
-32.09961333870888,-40.52489832490683
-37.18471673130989,-41.599334022402765
-53.29001221060753,-43.92300687134266
-55.8363294005394,-44.398324857652185
-45.11561641097069,-44.82200387567282
-50.24903778731823,-45.051975855231284
-34.92670847475529,-43.726193042099474
-32.59662353992462,-42.5105686172843
-33.628363221883774,-43.04657555818558
-37.07866123318672,-41.2005682349205
-29.165266886353493,-40.90713358968496
-48.97000262141228,-42.0856621786952
-50.33338472247124,-41.789999429881576
-53.212553292512894,-41.527621819078924
-42.67435102164745,-41.283495280146596
-28.998090893030167,-39.15840059071779
-34.55152049660683,-39.12088179290295
-36.26450967788696,-39.48767040669918
-52.44939450919628,-41.36977353543043
-52.30977791547775,-42.89288520365953
-31.960759714245796,-43.172434486448765
-29.758464246988297,-41.25128064900637
-51.061308205127716,-41.32407299727201
-31.1893640011549,-39.12175406813621
-51.07405963540077,-39.96172492951155
-27.926055371761322,-39.854521377384664
-46.22499859333038,-41.02186918705702
-44.55732025206089,-41.85115024447441
-30.991773381829262,-39.705388131737706
-30.29859386384487,-37.50426972657442
-26.990347012877464,-37.00722845643759
-44.82808908820152,-38.51419094055891
-28.54664920270443,-36.26272504031658
-49.04953262209892,-38.04874190241098
-28.692963987588882,-35.8106323376298
-28.25705748796463,-35.84373254925013
-33.2197105884552,-34.54320374876261
-28.197562649846077,-32.90722798854112
-45.83380398154259,-34.39143104851246
-32.41175201535225,-34.6027468636632
-39.286124885082245,-35.83232465088368
-27.780802130699158,-34.12759595513344
-33.46944533288479,-34.61987556815147
-28.379728242754936,-32.552895130217074
-47.63289937376976,-34.446888668835165
-54.560104697942734,-37.07719338983297
-48.23261630535126,-38.57848396152258
-30.74487380683422,-38.833215077221396
-36.19561803340912,-37.86939648240805
-31.42283135652542,-37.77050441652536
-29.397791907191277,-36.78167111873627
-29.282922953367233,-36.931883201003075
-32.457542181015015,-36.8306928858161
-44.52241912484169,-38.44496197402477
-56.44512149691582,-39.326184186339376
-32.7495002746582,-37.145123744010924
-28.706590875983238,-35.19252120107412
-51.891449213027954,-37.3071787416935
-29.20753613114357,-36.60837055146694
-24.813724890351295,-35.94745990484953
-32.47119262814522,-36.25479997694492
-46.58716145157814,-37.98522382676602
-59.853745251894,-40.724844133853914
-52.95958921313286,-41.56856114268303
-36.792576000094414,-39.60330659300089
-54.37286555767059,-41.765643121302126
-25.831580013036728,-41.47814203500748
-28.303819715976715,-39.119379085302356
-45.88787221908569,-40.78741269409657
-35.82831925153732,-41.88887213021517
-54.57807531952858,-44.09956039935351
-35.73695030808449,-43.01453928500414
-28.044970974326134,-39.83366185724735
-32.71184825897217,-37.808887761831286
-57.88132092356682,-39.91776225417853
-31.395147636532784,-37.61999046206474
-34.02503223717213,-38.43933568447828
-31.325025111436844,-38.7414562240243
-31.023382782936096,-37.25500728040934
-43.26530987024307,-37.99870634227991
-44.73044088482857,-37.01394289880991
-46.28620383143425,-38.068868251144885
-51.33862283825874,-40.398233437538146
-31.872873678803444,-40.314335979521275
-56.01246449351311,-40.127450336515906
-29.672593474388123,-39.95519492030144
-30.468386843800545,-39.59953038096428
-32.842466711997986,-39.75127454102039
-36.483180955052376,-40.297254358232024
-40.381905287504196,-40.00891389995813
-25.379997432231903,-38.07386955469847
-54.709959000349045,-38.91624507158995
-27.757420301437378,-36.55812481790781
-29.236241668462753,-36.29446161687374
-48.770325511693954,-35.570247718691824
-31.16121345758438,-35.71910971701145
-28.46035048365593,-35.51830608099699
-27.425080478191376,-34.976567457616326
-53.00751292705536,-36.62900065481663
-41.019590735435486,-36.69276919960976
-52.79663845896721,-39.43443330228329
-26.503090769052505,-36.61374647915363
-47.812082171440125,-38.619212666153906
-45.04345181584358,-40.19993368089199
-56.25112980604172,-40.94801411032677
-27.291733980178833,-40.561066162586215
-50.992867678403854,-42.814317882061005
-32.97574482858181,-43.36938431710005
-29.69117820262909,-41.037750844657424
-28.55919173359871,-39.79171094447374
-44.244411528110504,-38.93648825138807
-50.439526066184044,-41.33013178110123
-29.99560084939003,-39.548483648896216
-28.381170347332954,-37.882255502045155
-44.579035580158234,-36.715046079456805
-47.55565568804741,-38.74143825024366
-27.98063161969185,-36.44021464437246
-29.679108425974846,-36.11055100411177
-51.12696327269077,-38.25412951111794
-34.39098697900772,-38.83730903565883
-38.60891392827034,-38.27375927567482
-52.397471368312836,-38.4695538058877
-35.437725841999054,-39.0137663051486
-33.80822969973087,-39.556472240388395
-51.005683183670044,-40.199137000739576
-47.911729604005814,-40.234744392335415
-28.325918063521385,-40.26927303671837
-32.77384527027607,-40.57874672114849
-27.00804775953293,-38.16685516983271
-33.36334165930748,-38.064090637862684
-44.999507039785385,-38.70314994901419
-27.047433733940125,-36.168146185576916
-39.101687252521515,-36.534542326629165
-71.30612000823021,-40.2843313574791
-29.44852001965046,-38.12861504107714
-30.55265985429287,-36.39270806610584
-30.020373493433,-36.562153609097
-52.86500161886215,-38.57126924395561
-47.6310710310936,-40.63357157111168
-54.118266344070435,-42.70906403958797
-48.435610353946686,-43.0526743710041
-43.77008453011513,-44.724939450621605
-46.51673996448517,-45.46644472181797
-28.915328577160835,-41.22736557871103
-30.02897310256958,-41.285410887002946
-28.251330137252808,-41.05527791529894
-41.48420640826225,-42.201661206781864
-29.96281522512436,-39.91144256740809
-47.83686399459839,-39.932021863758564
-27.592165395617485,-37.27941176891327
-47.272496819496155,-37.163100415468215
-53.19322928786278,-38.10541489124298
-46.19947823882103,-38.073688718676564
-27.577011182904243,-37.939856979250905
-26.409081488847733,-37.577867817878726
-33.585491105914116,-38.11128391474485
-51.94313704967499,-39.15717697888613
-25.119059428572655,-38.672801399230956
-26.04680886864662,-36.49379588663578
-24.924084931612015,-36.22698784023523
-44.476438254117966,-35.94738198369741
-46.26614010334015,-35.25467306524515
-30.824120566248894,-33.71713729798794
-52.91708341240883,-36.2511445209384
-27.944294586777687,-36.40466583073139
-54.967581540346146,-38.54287487417459
-52.91849368810654,-38.64041053801775
-56.60576769709587,-41.78908136487007
-50.48249909281731,-44.23265038728714
-52.66384482383728,-47.006626376509665
-49.33215454220772,-47.49219800531864
-54.24912366271019,-48.29049636125565
-29.329127833247185,-48.140997087955476
-52.205116748809814,-48.06980042159557
-49.747872561216354,-50.25015821903944
-44.15825203061104,-49.16922526806593
-32.39310924708843,-47.116686823964116
-57.03711846470833,-47.15982190072536
-40.109128057956696,-46.1224847972393
-50.587465554475784,-45.91484687030315
-41.784376710653305,-45.16006908714771
-54.52057063579559,-45.187213784456254
-33.22638039290905,-45.57693904042244
-26.957616358995438,-43.052189001441
-31.16187809407711,-41.193589554727076
-24.70106716454029,-39.247871068120006
-29.215756058692932,-38.93013574928045
-28.406500607728958,-36.067073963582516
-25.912051782011986,-34.647366335988046
-32.52952542901039,-32.841572323441504
-30.370409458875656,-31.70017559826374
-30.53099150955677,-29.30121768563986
-46.59911884367466,-30.63849153071642
-31.443792656064034,-31.087109160423278
-58.17306584119797,-33.78822793513537
-34.3219303637743,-34.75031425505877
-45.512843638658524,-36.38002301305532
-43.844685077667236,-37.923841460049154
-31.13947068154812,-38.44658335000277
-41.51704743504524,-39.34533555060625
-34.89959056675434,-39.79825366139412
-26.97425028681755,-39.442579539120196
-30.578301414847374,-37.84049779623747
-47.925702422857285,-39.488688772916795
-41.11911615729332,-37.78329380452633
-33.10554552078247,-37.66165532022715
-45.797997772693634,-37.69017073363066
-49.99106740951538,-38.30480896681547
-30.716629713773727,-38.262524870038035
-26.33500847220421,-36.74432097375393
-53.522752076387405,-38.60663712471724
-40.62325891852379,-39.97153798788786
-48.56382006406784,-41.7700898528099
-52.92605456709862,-42.27012506723404
-45.88558931648731,-42.74677238315344
-47.99805396795273,-44.23602322787046
-45.373574644327164,-44.19358091503382
-29.886316254734993,-42.183105799555776
-54.458158165216446,-44.55725864470005
-45.545635521411896,-46.47832134962082
-30.74812975525856,-44.20085911750793
-31.836381301283836,-43.32217135578394
-49.864530116319656,-43.45224236100912
-30.431478902697563,-41.20278479456901
-39.47772890329361,-40.56199875324965
-29.857649698853493,-38.74795832633972
-29.873796433210373,-37.197980505228045
-30.701005324721336,-37.279449412226676
-48.00838057696819,-36.63447165340185
-52.77620430290699,-37.35752853155136
-31.187307000160217,-37.401446256041524
-46.21424600481987,-38.83923272639513
-42.20332722365856,-38.07311243712902
-59.37303093075752,-40.96726763993502
-35.037820383906364,-40.523276787996295
-29.529465332627296,-40.490458351373675
-39.25727368891239,-41.42880607694387
-59.76721978187561,-44.3354275226593
-42.59738478064537,-43.79432794302702
-50.381336987018585,-43.55484121143818
-34.409957721829414,-43.8771062836051
-51.97046172618866,-44.452727855741976
-29.36866596341133,-43.169261729717256
-34.356661170721054,-40.66762475371361
-26.059538304805756,-39.769796545803544
-35.17660719156265,-40.33451073169708
-24.3698803037405,-38.845771393179895
-41.91794581711292,-37.060843996703625
-28.112518459558487,-35.612357364594935
-29.75960884988308,-33.55018455088138
-49.29408383369446,-35.03859716206789
-31.957285061478615,-33.037279495596884
-48.445996552705765,-34.94501255452633
-43.00212620198727,-35.80955905765295
-36.448668003082275,-36.848472027480604
-50.59110224246979,-38.389921532571314
-34.712965935468674,-39.424230095744136
-30.75449427962303,-38.30788494199514
-38.11834189295769,-39.30846728533506
-52.10253044962883,-41.54275944530964
-34.997891917824745,-40.11314025372267
-30.685521617531776,-39.985963909327985
-50.71514409780502,-40.21287866383791
-47.234528720378876,-40.63611891567707
-30.580804720520973,-40.04933258742094
-48.907506108284,-39.88097297400236
-31.67755265533924,-39.57743164598942
-51.20720571279526,-41.62270278930664
-28.043302223086357,-40.615198822319506
-51.2692911028862,-40.531874887645245
-45.42950576543808,-41.57503627240658
-27.548331066966057,-41.261317217350005
-46.63269153237343,-40.853071960806844
-27.89658272266388,-38.91927736103535
-55.61545157432556,-41.422742046415806
-29.643851667642593,-39.49637660235167
-45.4407843798399,-40.87269977480173
-32.42712113261223,-38.99469131678343
-50.686811208724976,-41.25904221534729
-70.48175823688507,-43.180288928747174
-28.452175334095955,-41.48255588561297
-43.90021859109402,-43.11774463802576
-28.217977643013,-41.27627324908972
-44.676137775182724,-42.9542287543416
-25.279678776860237,-39.92065147459507
-55.51419821381569,-42.50768612921238
-28.442409798502922,-40.80784867107868
-31.720607802271843,-40.737197338044645
-31.728708118200302,-38.84138702899217
-34.84397667646408,-35.277608872950076
-41.80153626203537,-36.61254496574402
-27.89340750873089,-35.011863857507706
-47.95257130265236,-36.98532322347164
-30.67672774195671,-35.58538222014904
-23.479693427681923,-35.40538368523121
-26.52218033373356,-32.506181897222994
-30.25634664297104,-32.687575581669805
-28.113985866308212,-32.32691338807344
-27.244465604424477,-31.878489136695862
-31.54624606668949,-31.548716075718403
-46.976341754198074,-32.066196624934676
-32.34997093677521,-32.5118529677391
-49.221037328243256,-32.63869957029819
-53.93026947975159,-34.96405374407768
-38.415351301431656,-36.45761953145266
-56.54713532328606,-39.460115030407906
-54.9344622194767,-41.92792658805847
-48.68457618355751,-43.9849856197834
-27.757238671183586,-44.036262926459315
-57.66090101003647,-46.64772842079401
-33.11693477630615,-45.261787723004815
-30.3584196716547,-45.06263259649277
-53.095562905073166,-45.45008515417576
-30.89849904179573,-43.146908110380174
-31.208869948983192,-42.42625997513532
-55.39611166715622,-42.31115760952234
-54.6164844930172,-42.279359836876395
-46.46179139614105,-42.057081358134745
-46.280563712120056,-43.90941386222839
-40.89111042022705,-42.23243480324745
-26.474713817238808,-41.56821270734072
-29.236692637205124,-41.45604000389576
-30.962787315249443,-39.24276244491339
-31.17813777923584,-39.270726318657395
-50.16777032613754,-41.166616356372835
-31.97288189828396,-38.82429337948561
-30.46087211370468,-36.40873214155435
-33.45039591193199,-35.10759259313345
-50.09561550617218,-35.48909777253866
-52.21584153175354,-36.62157088369131
-50.135250717401505,-38.98762457370758
-31.662759616971016,-39.23023127168417
-30.552238881587982,-39.18917642831802
-26.711409881711006,-38.74250363856554
-48.63607531785965,-38.58933413773775
-45.628635942935944,-39.95490954220295
-34.68041333556175,-40.37686366438866
-46.01719355583191,-41.63354342877865
-31.21723999083042,-39.745705877244475
-55.089743465185165,-40.03309607058763
-32.534501031041145,-38.2730211019516
-29.784036174416542,-38.08514875769615
-28.627063363790512,-37.8926312059164
-30.98053327202797,-38.319543544948104
-29.29895579814911,-36.38583159297705
-54.846874356269836,-37.30765543431043
-29.293369069695473,-36.76895100772381
-51.21674293279648,-37.28890594542027
-50.9738472700119,-39.264566673338415
-45.63915213942528,-38.31950754076242
-55.36402988433838,-40.60246042609215
-28.478213280439377,-40.47187813669443
-30.124622404575348,-40.62163404077292
-29.687377765774727,-40.49231849014759
-36.62190569937229,-41.22461348026991
-45.16234144568443,-40.25616018921137
-42.56967434287071,-41.583790716528895
-47.654481917619705,-41.22756461501122
-50.86940109729767,-41.21711999773979
-42.9628823697567,-40.949493020772934
-50.19773277640343,-40.43286330997944
-55.05990535020828,-43.09103251695633
-52.532248973846436,-45.331795173883435
-55.92938148975372,-47.955995546281336
-57.54823315143585,-50.048628291487695
-51.05403807759285,-50.63779795467853
-35.27095586061478,-49.90792610645294
-43.967453598976135,-49.539223274588586
-41.51654230058193,-48.60393739491701
-28.975298792123795,-47.20517903715372
-30.786529764533043,-45.264058735966685
-32.47248588502407,-43.00531678944826
-50.84836658835411,-42.83692855089903
-27.513959988951683,-39.99538640081882
-27.972295716404915,-37.037792657315734
-55.393656969070435,-37.47175454646349
-30.037499770522118,-36.948408937454225
-28.209451213479042,-35.372608698904514
-28.61661560833454,-34.08261602967978
-41.72617116570473,-35.35770326703787
-29.71028345823288,-35.25007863640785
-28.237128034234047,-34.82654285132885
-32.30025114119053,-32.97173130661249
-52.669352293014526,-35.48727053701877
-27.834205016493797,-35.47346146702766
-31.322246104478836,-33.066320380568506
-32.985224813222885,-33.361092884838584
-30.450366362929344,-33.585184399783614
-52.5926539003849,-35.982788228988646
-23.65952117741108,-34.176123230159284
-30.989575251936913,-34.30405240952969
-31.378282219171524,-34.61816782802343
-27.396879866719246,-34.127830700576304
-47.39483854174614,-33.60037932544947
-27.076775431632996,-33.524636366963385
-33.70077461004257,-33.76248921751976
-28.531927660107613,-33.317159502208234
-29.51764765381813,-33.22388763129711
-25.827670097351074,-30.547389250993728
-46.546929091215134,-32.83613004237414
-34.84766772389412,-33.22193928956985
-27.56361147761345,-32.840472215414046
-27.49939353764057,-32.85072358250618
-32.64051203429699,-31.375290931761263
-30.09039282798767,-31.67665267139673
-32.43106235563755,-31.54968144595623
-24.186858609318733,-31.11517454087734
-28.541173070669174,-31.017527082562445
-44.31624534726143,-32.866384607553485
-51.8165063560009,-33.393342334032056
-49.950157821178436,-34.90359134376049
-27.834154844284058,-34.93064568042755
-30.419883340597153,-35.22269466072321
-35.31691589951515,-35.490335047245026
-37.59639519453049,-36.240935283899304
-45.901067927479744,-37.58793584108353
-39.948094978928566,-39.16405947804451
-49.78583988547325,-41.28852615952492
-31.773305907845497,-40.03423221558332
-45.58808895945549,-39.41139047592878
-26.431301027536392,-37.05950479656458
-25.72585764527321,-36.8486750766635
-31.634865060448647,-36.97017324864864
-28.225064888596535,-36.26098814755678
-28.863543152809143,-35.387702943384646
-26.976277500391006,-33.495223900675775
-51.13625767827034,-34.614040170609954
-30.439808771014214,-32.679437059164044
-31.41637645661831,-32.643744114041326
-35.684232234954834,-31.653358441591262
-29.715348795056343,-31.981763218343257
-27.765117660164833,-32.18568921983242
-26.628410294651985,-31.685043743252756
-34.89117673039436,-32.351654927432534
-30.836773827672005,-32.54897799491882
-36.48972736299038,-33.50032298117876
-29.304664254188538,-31.31716363877058
-32.031934425234795,-31.47637620419264
-29.98825530707836,-31.333564089238642
-34.373111099004745,-31.202451975643633
-45.69111052155495,-32.80002814829349
-46.73848059773445,-34.69736444205046
-34.655844897031784,-35.500107902288434
-31.205536797642708,-35.131543909013274
-50.096188589930534,-37.057485385239126
-59.92452135682106,-39.40096478462219
-26.63054309785366,-39.133552668988706
-32.91767357289791,-39.22212658375501
-34.92940305173397,-39.71624135822058
-28.861688375473022,-39.1650990858674
-27.198623463511467,-37.315850380063054
-30.791956931352615,-35.721198013424875
-43.364159286022186,-36.592029452323914
-28.50175465643406,-36.321651238203046
-30.46563909947872,-34.358596289157866
-32.50782327353954,-31.616926480829715
-26.575237810611725,-31.61139595210552
-40.10072776675224,-32.329701371490955
-30.415385395288467,-31.878299605846404
-32.28917506337166,-32.22104827463627
-29.72397454082966,-32.47358338236809
-26.697274684906006,-32.06411515772343
-34.89182657003403,-31.21688188612461
-24.594841182231903,-30.826190538704395
-51.05813068151474,-32.885439696907994
-29.53725838661194,-32.588383208215234
-37.286659717559814,-33.65952539891005
-45.97024983167648,-34.24647760540247
-29.301620796322823,-34.13510114550591
-52.82046502828598,-36.18823014199734
-31.493680864572525,-36.36520077437162
-49.78106805682182,-38.673580111563204
-27.027746483683586,-37.88717210292816
-36.02710931003094,-39.03039891570806
-27.877107739448547,-36.712296621501444
-31.629924282431602,-36.92156321108341
-33.68762569129467,-36.561659808456895
-36.904820308089256,-35.655116856098175
-50.54347112774849,-37.77930188924074
-34.435461446642876,-35.94080153107643
-40.72207808494568,-36.86364125311375
-26.5517667979002,-34.540711127221584
-40.08400218188763,-35.84633669704199
-46.35962249338627,-36.87958801537752
-27.845633238554,-36.876440565288064
-31.752101242542267,-36.888658261299135
-33.29281470179558,-36.84917716234922
-54.15611711144447,-38.57430684268475
-30.573028683662415,-36.577262598276135
-32.54116901755333,-36.387833355367185
-50.86262848973274,-37.40188839584589
-53.509449899196625,-40.09765670597553
-42.10025519132614,-40.299282006919384
-28.17975877225399,-38.48129563480616
-29.36761312186718,-38.633493623137475
-29.928764402866364,-38.451159939169884
-28.30934849381447,-37.952813318371774
-55.57107251882553,-38.09430885910988
-30.09283396601677,-38.04628938734531
-28.40949621796608,-37.63312210738659
-46.70072424411774,-37.21693168282509
-31.864255398511887,-35.052412232756616
-27.164514929056168,-33.558838206529614
-29.430573135614395,-33.68391964286566
-30.001647889614105,-33.74732311964035
-51.61552020907402,-35.91599870026111
-26.240218058228493,-35.70908565670252
-39.897779658436775,-34.14175637066364
-51.84638836979866,-36.31711181104183
-27.999582529067993,-36.27612044215202
-45.39873322844505,-36.145921340584756
-29.749201357364655,-35.93441593647003
-30.68963062763214,-36.28692750632763
-30.1144687384367,-36.35531706660986
-49.366371124982834,-38.29178939014673
-69.4667456150055,-40.07691193073988
-33.050624534487724,-40.7579525783658
-26.452352792024612,-39.413409891724584
-45.46515825390816,-38.77528688013554
-29.4979717284441,-38.92512580007315
-30.870632261037827,-37.47231570333243
-44.78312873840332,-38.97570844143629
-46.5262633562088,-40.55937171429396
-29.875237360596657,-40.53544857650995
-47.50308960676193,-40.34912042468786
-55.66025310754776,-38.96847117394209
-26.7642010897398,-38.339828829467294
-28.45975859463215,-38.54056940972805
-49.24699613451958,-38.918753197789194
-40.20577050745487,-39.98953307569027
-54.350174367427826,-42.33748728632927
-42.88997261226177,-42.14817167371511
-27.55805766582489,-40.25135110467672
-46.85115271806717,-41.94894264042377
-45.279094487428665,-41.72654312849045
-28.829839795827866,-39.043501797318456
-41.68316066265106,-40.53539775460958
-43.5407857298851,-42.04350046813488
-53.03354746103287,-42.42215560078621
-49.652044236660004,-43.36678297370672
-51.034851640462875,-43.03525070101023
